fold,train_samples,test_samples,MAE_mA,RMSE_mA,max_abs_error_mA
1,516,129,4.680012704385847,4.999184627740967,7.504176126370716
2,516,129,2.4371789143258478,2.5673083678055755,3.7846695106516393
3,516,129,2.9940487971381775,3.8602824346804923,6.030167762340135
4,516,129,2.019707228674454,2.116129311003001,2.942736902654417
5,516,129,6.090217353429098,9.372173662806054,21.06216902371279
