folds,RMSE_mean_mA,RMSE_sd_mA,MAE_mean_mA,MAE_sd_mA,max_abs_error_mean_mA,max_abs_error_sd_mA
5,4.583015680807218,2.906035893068344,3.644232999590685,1.7010645268722306,8.26478386514594,7.378019867420763
