load,Vmin,Vmax,common_Vmin,common_Vmax,reference_slope_mA_per_V,slope_threshold_mA_per_V,total_points,retained_points,removed_points,removed_percent
1k,-43.803125,46.33038429054054,-46.33038429054054,46.33038429054054,28.15321180555553,14.076605902777764,325,322,3,0.9230769230769231
2k,-46.22473958333333,49.55981060606061,-46.33038429054054,46.33038429054054,27.808376890287185,13.904188445143593,325,168,157,48.30769230769231
4k7,-47.61940451388889,47.77597347861842,-46.33038429054054,46.33038429054054,26.60511608003025,13.302558040015125,325,76,249,76.61538461538461
