model,R2,adjusted_R2,sigma_mA,samples,MAE_mA,RMSE_mA,max_abs_error_mA
global_current_mA_by_dac,0.9695329558753456,0.969485573225074,3.7411791803705468,645,2.495843305486304,3.735374399247534,16.821922197101976
