model,R2,adjusted_R2,sigma_mA,samples,MAE_mA,RMSE_mA,max_abs_error_mA
interaction_current_mA_by_dac_load,0.9872256380738559,0.9871256821902398,2.43006569010896,645,1.4067981979112252,2.4187366508313835,9.706062152560776
