load,count,mean_mA,sd_mA,min_mA,q25_mA,median_mA,q75_mA,max_mA
1k,322,0.645672055600636,26.179311153428227,-43.739572010869566,-21.88944645852332,-0.004239912671607726,23.329116615251387,46.122147817460316
2k,168,-0.14209593093386938,13.424849846783317,-22.74010099085366,-11.67038330078125,-0.4633853530865527,11.37062526393581,23.062447916666667
4k7,76,-0.1078023523492721,5.777172596551129,-9.731550854037268,-5.02190878076491,-0.2692779728608311,4.84907996506986,9.812039811643835
