component,variance_proportion,cumulative_variance
PC1,0.9999335181722014,0.9999335181722014
PC2,5.621196331685871e-5,0.9999897301355183
PC3,1.026986448176263e-5,1
