model,load,R2,adjusted_R2,sigma_mA,samples,MAE_mA,RMSE_mA,max_abs_error_mA
load_1k,1k,0.9998176426411761,0.9998170727744298,0.3540767323976093,322,0.28708428260337193,0.3529754024127474,0.7436899955519252
load_2k,2k,0.9997936853795925,0.9997924425204334,0.19340986913490388,168,0.15904142805026814,0.19225517302900902,0.4452452272498526
load_4k7,4k7,0.9996303338075938,0.9996253383185072,0.11182398928238359,76,0.0959243290641552,0.11034281144448568,0.25204406727877604
