dac_volts,shunt_volts,sample
1.62640625,0.002984375,0
1.6284375,0.002796875,1
1.6275,0.001015625,2
1.62890625,0.003046875,3
1.62703125,0.005046875,4
1.62703125,0.002875,5
1.62703125,0.00315625,6
1.6275,0.002609375,7
1.6253125,0.002125,8
1.62671875,0.003265625,9
1.62640625,0.0035,10
1.62640625,0.00246875,11
