dac_volts,shunt_volts,sample
1.62640625,0.002984375,0
1.6284375,0.002796875,1
1.6275,0.001015625,2
1.62890625,0.003046875,3
1.62703125,0.005046875,4
