dataset,load,pearson_r,pearson_p,spearman_r,spearman_p,samples
linear_region,1k,-0.999909252907146,0.0,-0.9999996438951883,0.0,323
linear_region,2k,-0.9998994284823312,2.3916161155245847e-301,-0.9999999999999999,0.0,164
linear_region,4k7,-0.9998238656334708,4.5491565229262854e-126,-0.9999999999999999,0.0,74
